"outcome","gene","beta_step1","p_step1","beta_step2","p_step2","beta_total","mediation_effect","prop_mediated","sig_mediation","abs_prop"
"LungCancer","GDF11",2.38383075922444,7.74128980505247e-05,0.934861407323254,0.00169513536044658,0.460974451161024,2.22855137838903,4.83443577572711,TRUE,4.83443577572711
"COPD","RP5-1115A15.1",-8.06113341132891,7.22272529569924e-07,-0.251717603665747,0.000163273619510338,0.658823081178385,2.0291291851296,3.07993032287251,TRUE,3.07993032287251
"CAD","MYL6B",4.88534131003794,5.72178544132317e-06,0.142420646890034,0.0339244177950286,0.251845615703304,0.695773469654208,2.7626983607048,TRUE,2.7626983607048
"CAD","RP5-1115A15.1",-8.06113341132891,7.22272529569924e-07,-0.0836087364449528,0.0883281206739197,0.251845615703304,0.673981178835402,2.67616800456598,FALSE,2.67616800456598
"LungCancer","ZNF207",2.72610955821818,0.000301590697014634,-0.446307499331679,0.0922022383916758,0.460974451161024,-1.21668313983255,-2.63937217511333,FALSE,2.63937217511333
"CAD","HNF1A",-2.75943250059582,9.40449761210985e-06,0.220136803371396,0.0346187863404121,0.251845615703304,-0.607452649800303,-2.41200406885754,TRUE,2.41200406885754
"CAD","HDGFRP2",2.2819981259808,0.000311524940508818,-0.242358260823546,0.0387436754313312,0.251845615703304,-0.553061097015298,-2.19603226155365,TRUE,2.19603226155365
"LungCancer","ZNF655",3.08463121377224,8.09080807451389e-07,0.31965287523866,0.199366800341715,0.460974451161024,0.986011236533217,2.13897155048359,FALSE,2.13897155048359
"LungCancer","ERBB3",6.11095559745649,2.53645668141369e-07,0.152667251136251,0.154711593491126,0.460974451161024,0.93294279287937,2.02384924051568,FALSE,2.02384924051568
"CAD","PSMD11",-2.2506591025219,5.32932537313895e-05,0.221171243914194,0.229367593356833,0.251845615703304,-0.497781073331574,-1.97653261479844,FALSE,1.97653261479844
"LungCancer","ARPC1A",2.08610067599454,4.71824576074584e-05,0.421303500488857,0.243372268252752,0.460974451161024,0.87888151716867,1.90657316247157,FALSE,1.90657316247157
"CAD","ZNF207",2.72610955821818,0.000301590697014634,-0.175672555241291,0.22115059337348,0.251845615703304,-0.478902631959895,-1.90157224148021,FALSE,1.90157224148021
"CAD","WIBG",2.05516850687633,0.000537671282651753,0.219073122079484,0.05248021154376,0.251845615703304,0.450232181200829,1.78773086814917,FALSE,1.78773086814917
"LungCancer","GS1-259H13.2",4.57144781410011,8.51985852602888e-05,0.180070154292463,0.056069737630392,0.460974451161024,0.823181313224948,1.78574172853107,FALSE,1.78574172853107
"CAD","CLU",-1.53615349190488,1.87033031528468e-06,-0.262161218540029,0.0764659739284045,0.251845615703304,0.402719871302303,1.59907437807749,FALSE,1.59907437807749
"COPD","ZNF655",3.08463121377224,8.09080807451389e-07,0.332898221237453,0.0297608086851245,0.658823081178385,1.02686824423831,1.55864035971786,TRUE,1.55864035971786
"CAD","NDUFAF2",3.75553572442237,6.68491398112798e-07,-0.103245407502587,0.146150213843344,0.251845615703304,-0.38774181625851,-1.53960121630747,FALSE,1.53960121630747
"LungCancer","SPPL3",-2.82875378782354,6.91658224557972e-06,0.250564985686806,0.360371312087837,0.460974451161024,-0.708786652357503,-1.53758337489709,FALSE,1.53758337489709
"COPD","GDF11",2.38383075922444,7.74128980505247e-05,-0.414656747092396,0.0449734561706141,0.658823081178385,-0.988471508238805,-1.50035956006703,TRUE,1.50035956006703
"CAD","EED",2.60009212443315,1.47654020601011e-05,0.143174889937156,0.557948809407007,0.251845615703304,0.372267903742184,1.47815915993847,FALSE,1.47815915993847
"COPD","ZNF207",2.72610955821818,0.000301590697014634,0.345483981458615,0.118821247242235,0.658823081178385,0.941827184065603,1.42956009127827,FALSE,1.42956009127827
"LungCancer","CADM2",1.64275331095328,7.35042850295152e-07,0.389421683545787,0.247724944870206,0.460974451161024,0.639723760001842,1.38776402551294,FALSE,1.38776402551294
"LungCancer","MCM6",-4.86216641030216,1.07268395393931e-07,0.130941128915384,0.77369602449535,0.460974451161024,-0.636657558739423,-1.38111246108308,FALSE,1.38111246108308
"CAD","KCNAB3",5.75806521510052,1.84400289938487e-07,0.060288598829442,0.279081100052262,0.251845615703304,0.34714568378696,1.37840669895134,FALSE,1.37840669895134
"CAD","ARPC1A",2.08610067599454,4.71824576074584e-05,0.165453339885356,0.342462433803933,0.251845615703304,0.345152324180395,1.37049169276393,FALSE,1.37049169276393
"CAD","RP11-320L11.2",3.98927907181119,0.000602315240110718,0.0861117109444541,0.0902051499511027,0.251845615703304,0.343523646308565,1.36402472343718,FALSE,1.36402472343718
"COPD","ARPC1A",2.08610067599454,4.71824576074584e-05,0.425042382074332,0.0554005528113559,0.658823081178385,0.886681200571593,1.34585630938378,FALSE,1.34585630938378
"CAD","SPPL3",-2.82875378782354,6.91658224557972e-06,-0.119386278305683,0.38963561299223,0.251845615703304,0.337714386971355,1.34095797549723,FALSE,1.34095797549723
"LungCancer","IKZF4",1.96937400619167,0.000358051341086927,0.306457573425062,0.166251626833285,0.460974451161024,0.60352957910389,1.3092473510925,FALSE,1.3092473510925
"COPD","FAM195A",1.8639489406268,0.000402592341290178,0.438038274018354,0.0436565409606286,0.658823081178385,0.816480976810503,1.23930232582339,TRUE,1.23930232582339
"CAD","PDAP1",1.83833484501673,0.000112554807939884,0.168285524199747,0.270406592255369,0.251845615703304,0.309365143048301,1.22839201383104,FALSE,1.22839201383104
"LungCancer","NAT6",5.08581595619988,2.01704729451588e-08,0.110297851429106,0.290804538291831,0.460974451161024,0.560954572732709,1.21688863953278,FALSE,1.21688863953278
"COPD","NDUFAF2",3.75553572442237,6.68491398112798e-07,0.211203380223772,0.0251891759006929,0.658823081178385,0.793181839549137,1.20393753984823,TRUE,1.20393753984823
"COPD","SPPL3",-2.82875378782354,6.91658224557972e-06,0.280214280660955,0.139485854687148,0.658823081178385,-0.792657207821925,-1.20314122329194,FALSE,1.20314122329194
"CAD","PTPRF",-1.49183466217097,1.59098825121899e-06,-0.200979214881705,0.159485321470601,0.251845615703304,0.299827759136435,1.19052205177023,FALSE,1.19052205177023
"LungCancer","GUCY2D",2.57254644207994,2.50733570295504e-05,0.209411696581895,0.388713471888355,0.460974451161024,0.538721314971678,1.16865764168673,FALSE,1.16865764168673
"CAD","ZNF655",3.08463121377224,8.09080807451389e-07,0.0952973832061393,0.433619862517008,0.251845615703304,0.293957282828472,1.16721223042763,FALSE,1.16721223042763
"COPD","CLU",-1.53615349190488,1.87033031528468e-06,-0.494473736035027,0.00533045802577103,0.658823081178385,0.759587556265457,1.15294618231475,TRUE,1.15294618231475
"LungCancer","RNF41",-2.02455079563652,0.000287513811301625,-0.26180374777524,0.327936287786317,0.460974451161024,0.530034985858984,1.14981423487576,FALSE,1.14981423487576
"LungCancer","ATP5J2",2.20624884987356,4.33127586633694e-05,-0.225350066004492,0.547158516281521,0.460974451161024,-0.497178323941342,-1.07853769919164,FALSE,1.07853769919164
"COPD","LA16c-313D11.12",-4.58453689531618,5.22670501573411e-06,-0.150681158799103,0.15574004563804,0.658823081178385,0.690803331943483,1.04854148507957,FALSE,1.04854148507957
"LungCancer","RP5-1115A15.1",-8.06113341132891,7.22272529569924e-07,-0.0594018091467549,0.516982552707063,0.460974451161024,0.478845908406289,1.0387688671254,FALSE,1.0387688671254
"CAD","CACNA2D2",-2.13003048068789,4.42331272557971e-05,0.120878558921375,0.300421927626504,0.251845615703304,-0.257475014964157,-1.02235257995313,FALSE,1.02235257995313
"LungCancer","CLU",-1.53615349190488,1.87033031528468e-06,-0.302502034171553,0.279091638766158,0.460974451161024,0.46468955610096,1.00805924261221,FALSE,1.00805924261221
"COPD","KCNAB3",5.75806521510052,1.84400289938487e-07,0.113630507849138,0.0954550890015536,0.658823081178385,0.654291874620327,0.993122271080799,FALSE,0.993122271080799
"CAD","LRRC69",4.42216680486196,4.91631017699845e-06,0.0556016255957347,0.154100181860953,0.251845615703304,0.245879663005821,0.976311071841284,FALSE,0.976311071841284
"LungCancer","PDAP1",1.83833484501673,0.000112554807939884,0.235207088564144,0.465492566779595,0.460974451161024,0.432389386702403,0.937989915956023,FALSE,0.937989915956023
"LungCancer","PSMD11",-2.2506591025219,5.32932537313895e-05,0.191743609077378,0.568496809942432,0.460974451161024,-0.431549499120401,-0.936167933024244,FALSE,0.936167933024244
"LungCancer","PTPRF",-1.49183466217097,1.59098825121899e-06,-0.288023187605742,0.325557960171289,0.460974451161024,0.429682974779218,0.932118848879815,FALSE,0.932118848879815
"COPD","EED",2.60009212443315,1.47654020601011e-05,0.232969399968489,0.437883998674699,0.658823081178385,0.605741902091986,0.919430298356493,FALSE,0.919430298356493
"LungCancer","LIN7C",-1.61541633348606,4.07248157305519e-05,-0.260558398316992,0.0516472064101541,0.460974451161024,0.420910292468234,0.913088114554108,FALSE,0.913088114554108
"CAD","FAM195A",1.8639489406268,0.000402592341290178,-0.116980112159665,0.471778678121053,0.251845615703304,-0.218044956134412,-0.865788175527693,FALSE,0.865788175527693
"LungCancer","FBXL16",5.18792844745574,8.96277635640692e-08,0.0741478988109107,0.604267757759338,0.460974451161024,0.384673993560193,0.834480072792194,FALSE,0.834480072792194
"CAD","JMJD8",-3.84495130859791,5.74226550581989e-06,0.0536638449610103,0.38218122436693,0.251845615703304,-0.206334870907232,-0.819291097567934,FALSE,0.819291097567934
"COPD","GUCY2D",2.57254644207994,2.50733570295504e-05,0.203888180421388,0.236257263586595,0.658823081178385,0.524511813125195,0.796134543718538,FALSE,0.796134543718538
"COPD","CADM2",1.64275331095328,7.35042850295152e-07,0.319174317785832,0.168586355721837,0.658823081178385,0.52432466731393,0.795850482918892,FALSE,0.795850482918892
"LungCancer","JMJD8",-3.84495130859791,5.74226550581989e-06,0.092118454071736,0.4178018287076,0.460974451161024,-0.354190970529138,-0.768352713772015,FALSE,0.768352713772015
"COPD","MYL6B",4.88534131003794,5.72178544132317e-06,0.102266284943738,0.187705926606116,0.658823081178385,0.499605706459753,0.758330606095566,FALSE,0.758330606095566
"LungCancer","RP11-320L11.2",3.98927907181119,0.000602315240110718,0.0834652380526171,0.371491157929082,0.460974451161024,0.332966127387045,0.722309287528683,FALSE,0.722309287528683
"CAD","NAT6",5.08581595619988,2.01704729451588e-08,0.0343443438027586,0.546586815654658,0.251845615703304,0.174669011717284,0.69355589625614,FALSE,0.69355589625614
"LungCancer","LRRC69",4.42216680486196,4.91631017699845e-06,0.0712698346283366,0.352944526230985,0.460974451161024,0.315167096881431,0.683697537005884,FALSE,0.683697537005884
"COPD","ERBB3",6.11095559745649,2.53645668141369e-07,-0.0727485419344998,0.301923846335251,0.658823081178385,-0.44456310954143,-0.674783750360225,FALSE,0.674783750360225
"CAD","TPM3",1.70640471079559,0.000287797268770008,0.098146164551086,0.102641042322694,0.251845615703304,0.167477077536493,0.664998979905988,FALSE,0.664998979905988
"CAD","CABP1",-2.589688526941,1.66926098530927e-05,-0.0641286657994445,0.272610108428169,0.251845615703304,0.166073270068855,0.659424900469595,FALSE,0.659424900469595
"COPD","HDGFRP2",2.2819981259808,0.000311524940508818,0.189496793371891,0.160458180549759,0.658823081178385,0.432431327354025,0.656369425583221,FALSE,0.656369425583221
"LungCancer","WDR24",-10.9470039744235,8.82886019819623e-09,-0.0274590404171884,0.698929362876363,0.460974451161024,0.300594224580818,0.652084348327184,FALSE,0.652084348327184
"COPD","PDAP1",1.83833484501673,0.000112554807939884,0.228311333614267,0.229420190564723,0.658823081178385,0.419712680095347,0.637064322859849,FALSE,0.637064322859849
"COPD","PTPRF",-1.49183466217097,1.59098825121899e-06,-0.253119116151442,0.161574751981953,0.658823081178385,0.377611871132801,0.573161265779269,FALSE,0.573161265779269
"LungCancer","CACNA2D2",-2.13003048068789,4.42331272557971e-05,-0.123276514917828,0.54037946548762,0.460974451161024,0.262582734327949,0.569625352699265,FALSE,0.569625352699265
"CAD","IFRD2",1.76333204006815,0.000287401175112079,-0.0807791658040135,0.430644866072418,0.251845615703304,-0.142440491232195,-0.565586543305173,FALSE,0.565586543305173
"LungCancer","TTC28-AS1",2.44446115320094,0.000732062346136933,0.106392731890073,0.276503187748799,0.460974451161024,0.260072900088206,0.564180725055758,FALSE,0.564180725055758
"CAD","LA16c-313D11.12",-4.58453689531618,5.22670501573411e-06,0.0308611303075568,0.733817133967784,0.251845615703304,-0.141483990526154,-0.561788578812644,FALSE,0.561788578812644
"LungCancer","RHBDL1",-2.77601313381429,1.06424769831401e-05,-0.0926609621818991,0.734389642442281,0.460974451161024,0.257228048008821,0.558009337309169,FALSE,0.558009337309169
"LungCancer","KCNAB3",5.75806521510052,1.84400289938487e-07,0.043186094522039,0.67669667439801,0.460974451161024,0.248668348643396,0.539440630640359,FALSE,0.539440630640359
"COPD","IKZF4",1.96937400619167,0.000358051341086927,-0.170585316130967,0.373559624886033,0.658823081178385,-0.335946287426315,-0.5099188189118,FALSE,0.5099188189118
"LungCancer","NARFL",-8.99927599181729,1.05125249524672e-08,0.0259680079786608,0.621337702704018,0.460974451161024,-0.233693270757682,-0.506954930298404,FALSE,0.506954930298404
"COPD","IFRD2",1.76333204006815,0.000287401175112079,-0.188045611917721,0.153674039702886,0.658823081178385,-0.331586852488739,-0.503301814951073,FALSE,0.503301814951073
"COPD","RHBDL1",-2.77601313381429,1.06424769831401e-05,-0.116703856438438,0.496795934684,0.658823081178385,0.323971438239882,0.491742696173334,FALSE,0.491742696173334
"CAD","IKZF4",1.96937400619167,0.000358051341086927,0.0572689304113758,0.63767950358752,0.251845615703304,0.112783942914563,0.447829685657233,FALSE,0.447829685657233
"COPD","WIBG",2.05516850687633,0.000537671282651753,-0.138596541838244,0.287750147469224,0.658823081178385,-0.284839247947928,-0.432345581211967,FALSE,0.432345581211967
"LungCancer","MYL6B",4.88534131003794,5.72178544132317e-06,0.0396522674763464,0.740982401927615,0.460974451161024,0.193714860338869,0.42022906009427,FALSE,0.42022906009427
"LungCancer","EED",2.60009212443315,1.47654020601011e-05,-0.0739105550504379,0.875625864246517,0.460974451161024,-0.192174252099127,-0.416886991491851,FALSE,0.416886991491851
"LungCancer","PIGQ",-3.05192175626047,4.52520079092408e-06,0.0625904215150584,0.396026470060875,0.460974451161024,-0.19102106915532,-0.41438537141095,FALSE,0.41438537141095
"LungCancer","IFRD2",1.76333204006815,0.000287401175112079,-0.106200519115671,0.595836205519149,0.460974451161024,-0.187266778028533,-0.406241121513085,FALSE,0.406241121513085
"COPD","RP11-320L11.2",3.98927907181119,0.000602315240110718,0.0670787257413086,0.276478761327518,0.658823081178385,0.267595756763565,0.406172407142958,FALSE,0.406172407142958
"LungCancer","LA16c-313D11.12",-4.58453689531618,5.22670501573411e-06,-0.035311355796457,0.836678467867949,0.460974451161024,0.161886213472494,0.351182615576118,FALSE,0.351182615576118
"COPD","TTC28-AS1",2.44446115320094,0.000732062346136933,0.0943151403028088,0.0545900921602309,0.658823081178385,0.230549696628912,0.349941741896088,FALSE,0.349941741896088
"LungCancer","HNF1A",-2.75943250059582,9.40449761210985e-06,-0.0552430671382038,0.769710083424641,0.460974451161024,0.152439514893757,0.330689725883545,FALSE,0.330689725883545
"COPD","JMJD8",-3.84495130859791,5.74226550581989e-06,0.0537573359801062,0.428450552442228,0.658823081178385,-0.206694339323447,-0.313732692779599,FALSE,0.313732692779599
"COPD","LIN7C",-1.61541633348606,4.07248157305519e-05,0.127707295140678,0.136357671957341,0.658823081178385,-0.206300450475575,-0.313134825371603,FALSE,0.313134825371603
"LungCancer","WIBG",2.05516850687633,0.000537671282651753,0.0699604543967939,0.735088400804607,0.460974451161024,0.143780522603048,0.31190562132222,FALSE,0.31190562132222
"CAD","GDF11",2.38383075922444,7.74128980505247e-05,-0.0323284171036679,0.841623175846681,0.251845615703304,-0.0770654750887612,-0.306002845725736,FALSE,0.306002845725736
"COPD","TPM3",1.70640471079559,0.000287797268770008,0.117914575320698,0.11280606779861,0.658823081178385,0.201209986798701,0.305408223462379,FALSE,0.305408223462379
"COPD","PSMD11",-2.2506591025219,5.32932537313895e-05,-0.0872287359567604,0.705106763596901,0.658823081178385,0.196322148582562,0.297989178265304,FALSE,0.297989178265304
"LungCancer","HDGFRP2",2.2819981259808,0.000311524940508818,-0.0573698635540863,0.781404615172719,0.460974451161024,-0.130917921118199,-0.284002553261824,FALSE,0.284002553261824
"CAD","C16orf95",4.03634840124838,0.000270817644581264,0.0176773308257611,0.595486759530447,0.251845615703304,0.0713518660168995,0.283315895008306,FALSE,0.283315895008306
"LungCancer","MEF2C",1.43398329411699,3.02890088390557e-05,0.0865666569152859,0.208654399535685,0.460974451161024,0.124135139844077,0.269288546320574,FALSE,0.269288546320574
"LungCancer","C16orf95",4.03634840124838,0.000270817644581264,0.0299424897892767,0.642701939457638,0.460974451161024,0.120858320790343,0.262180085004593,FALSE,0.262180085004593
"COPD","C16orf95",4.03634840124838,0.000270817644581264,-0.0380411042336889,0.339315234919782,0.658823081178385,-0.153547150255373,-0.233062797345739,FALSE,0.233062797345739
"CAD","CADM2",1.64275331095328,7.35042850295152e-07,-0.0293572099781621,0.864373484585854,0.251845615703304,-0.0482266538919765,-0.191492926161524,FALSE,0.191492926161524
"CAD","RHBDL1",-2.77601313381429,1.06424769831401e-05,0.0172748847960619,0.905356882824063,0.251845615703304,-0.0479553070789966,-0.190415493019708,FALSE,0.190415493019708
"LungCancer","FAM195A",1.8639489406268,0.000402592341290178,0.0468353708313326,0.873700161536648,0.460974451161024,0.0872987398449257,0.189378694686989,FALSE,0.189378694686989
"COPD","LRRC69",4.42216680486196,4.91631017699845e-06,0.0211140370894457,0.653425664635088,0.658823081178385,0.093369793933571,0.141722105070405,FALSE,0.141722105070405
"CAD","GUCY2D",2.57254644207994,2.50733570295504e-05,0.0130673788360981,0.922959438265985,0.251845615703304,0.0336164389321148,0.133480342066855,FALSE,0.133480342066855
"LungCancer","ALOX15B",3.30411810080784,3.7164568932061e-06,-0.0176328367897954,0.892619401261716,0.460974451161024,-0.0582609752057533,-0.126386560164051,FALSE,0.126386560164051
"LungCancer","TPM3",1.70640471079559,0.000287797268770008,0.0339253120036481,0.772371830662303,0.460974451161024,0.0578903122182355,0.125582474413563,FALSE,0.125582474413563
"LungCancer","CHTOP",-1.72083714617867,0.000273175110369585,-0.032886791465309,0.892646670531864,0.460974451161024,0.0565928123721355,0.122767785133426,FALSE,0.122767785133426
"COPD","CACNA2D2",-2.13003048068789,4.42331272557971e-05,-0.0343265684563743,0.825343684929149,0.658823081178385,0.0731166371094968,0.110980685404523,FALSE,0.110980685404523
"CAD","ERBB3",6.11095559745649,2.53645668141369e-07,0.00305189005188633,0.957653616411004,0.251845615703304,0.0186499645953966,0.0740531636547044,FALSE,0.0740531636547044
"COPD","HNF1A",-2.75943250059582,9.40449761210985e-06,0.0175778565397545,0.892681804283866,0.658823081178385,-0.0485049086266094,-0.0736235721126414,FALSE,0.0736235721126414
"CAD","GS1-259H13.2",4.57144781410011,8.51985852602888e-05,-0.00379764226054278,0.943798139551153,0.251845615703304,-0.0173607234106925,-0.0689339910175166,FALSE,0.0689339910175166
"CAD","TTC28-AS1",2.44446115320094,0.000732062346136933,0.00698482418369873,0.871738442399296,0.251845615703304,0.01707413137899,0.0677960238907029,FALSE,0.0677960238907029
"CAD","LIN7C",-1.61541633348606,4.07248157305519e-05,-0.00757175797224609,0.914228859792529,0.251845615703304,0.0122315415015696,0.0485676173770657,FALSE,0.0485676173770657
"COPD","NAT6",5.08581595619988,2.01704729451588e-08,0.00228543295975768,0.975263382634952,0.658823081178385,0.0116232914135608,0.0176425078987383,FALSE,0.0176425078987383
"LungCancer","NDUFAF2",3.75553572442237,6.68491398112798e-07,0.00129296697912229,0.992221214874049,0.460974451161024,0.00485578368059224,0.0105337371048706,FALSE,0.0105337371048706
