"exposure","outcome","exposure_label","outcome_label","n_snps","method","b","se","pval","or","or_lci","or_uci","fstat","steiger","het_q","het_p","egger_intercept","egger_p","presso_global_p","presso_outlier","note"
"Smoking_initiation","CAD","吸烟起始","冠心病",86,"IVW",0.251845615703304,0.0502332379441299,5.34417015140984e-07,1.2863974223924,1.16577775989988,1.41949725347302,42,"reversed",108.847854853484,0.035501494794219,0.00278114013123719,0.677382620515688,"0.044",TRUE,"OK"
"Smoking_initiation","CAD","吸烟起始","冠心病",86,"MR Egger",0.146022676683857,0.258449607542478,0.573583184034,1.15722242972045,0.697300690784612,1.9204968094055,42,"reversed",NA,NA,NA,NA,NA,NA,"OK"
"Smoking_initiation","CAD","吸烟起始","冠心病",86,"Weighted median",0.264747036274493,0.0662187271438683,6.38613529525447e-05,1.30310129672297,1.14448909372465,1.48369521285244,42,"reversed",NA,NA,NA,NA,NA,NA,"OK"
"Smoking_initiation","CAD","吸烟起始","冠心病",86,"Weighted mode",0.257706182623869,0.193651675635163,0.186823003467779,1.29395857525252,0.885280175472506,1.89129819107931,42,"reversed",NA,NA,NA,NA,NA,NA,"OK"
"Smoking_initiation","LungCancer","吸烟起始","肺癌",84,"IVW",0.460974451161024,0.0923225655477555,5.94222760445011e-07,1.58561834005539,1.32315921616439,1.9001383126123,42.2,"correct",98.946559114677,0.0980031667751391,0.00394283370451964,0.751686328401139,"0.119",FALSE,"OK"
"Smoking_initiation","LungCancer","吸烟起始","肺癌",84,"MR Egger",0.310781814894179,0.48209847618945,0.520957394634331,1.36449147698837,0.5303960971579,3.51027656641981,42.2,"correct",NA,NA,NA,NA,NA,NA,"OK"
"Smoking_initiation","LungCancer","吸烟起始","肺癌",84,"Weighted median",0.519450026374635,0.123371314915344,2.54850881426056e-05,1.68110283319007,1.32001387662875,2.14096744420401,42.2,"correct",NA,NA,NA,NA,NA,NA,"OK"
"Smoking_initiation","LungCancer","吸烟起始","肺癌",84,"Weighted mode",0.61368209817643,0.309182915005424,0.0504642356316305,1.84722053934948,1.00771317925192,3.38610607785012,42.2,"correct",NA,NA,NA,NA,NA,NA,"OK"
"Smoking_initiation","IschStroke","吸烟起始","缺血性脑卒中",85,"IVW",0.145516452999956,0.046557068449255,0.00177472797082493,1.15663676457027,1.05576391910767,1.26714749476029,42.1,"reversed",98.1350604197799,0.122803801421561,-0.00248981876046496,0.682919804768021,"0.139",FALSE,"OK"
"Smoking_initiation","IschStroke","吸烟起始","缺血性脑卒中",85,"MR Egger",0.23983894543899,0.234808029531358,0.310020792255781,1.27104442633387,0.802210054199024,2.01387894013305,42.1,"reversed",NA,NA,NA,NA,NA,NA,"OK"
"Smoking_initiation","IschStroke","吸烟起始","缺血性脑卒中",85,"Weighted median",0.138348668999773,0.0637221445520338,0.0299218102218569,1.1483758835489,1.01354416804362,1.30114425349835,42.1,"reversed",NA,NA,NA,NA,NA,NA,"OK"
"Smoking_initiation","IschStroke","吸烟起始","缺血性脑卒中",85,"Weighted mode",0.154768399972742,0.126012649810216,0.222803143835619,1.16738756280284,0.911907797131455,1.49444244919676,42.1,"reversed",NA,NA,NA,NA,NA,NA,"OK"
"Smoking_initiation","HeartFailure","吸烟起始","心力衰竭",73,"IVW",0.242501876945524,0.0485014106723286,5.73620575045512e-07,1.27443364120369,1.15886272188032,1.40153020298762,41.5,"reversed",104.298798506291,0.00617028064381047,0.00261690175219629,0.681254043464381,"0.011",TRUE,"OK"
"Smoking_initiation","HeartFailure","吸烟起始","心力衰竭",73,"MR Egger",0.141958258149256,0.248606296464284,0.569791607900066,1.15252853885867,0.708000780476745,1.87615899517689,41.5,"reversed",NA,NA,NA,NA,NA,NA,"OK"
"Smoking_initiation","HeartFailure","吸烟起始","心力衰竭",73,"Weighted median",0.227338477225222,0.0612429425759447,0.000205565973698373,1.25525467116116,1.11327075624624,1.41534687822465,41.5,"reversed",NA,NA,NA,NA,NA,NA,"OK"
"Smoking_initiation","HeartFailure","吸烟起始","心力衰竭",73,"Weighted mode",0.253175453926954,0.116504505559938,0.0330642113814558,1.28810926083732,1.02513736990438,1.61853963826295,41.5,"reversed",NA,NA,NA,NA,NA,NA,"OK"
"Smoking_initiation","COPD","吸烟起始","慢阻肺",85,"IVW",0.658823081178385,0.0654330085655703,7.60022245731344e-24,1.93251658033934,1.69990842912342,2.1969538295732,42.1,"reversed",118.303540317367,0.00663362969606247,-0.0072881620527569,0.39477506817245,"0.011",TRUE,"OK"
"Smoking_initiation","COPD","吸烟起始","慢阻肺",85,"MR Egger",0.935500786028603,0.330009621787896,0.0057577278235423,2.5484893861074,1.33466713985875,4.86623065567449,42.1,"reversed",NA,NA,NA,NA,NA,NA,"OK"
"Smoking_initiation","COPD","吸烟起始","慢阻肺",85,"Weighted median",0.668476810646753,0.0855472366894154,5.53460992203984e-15,1.95126291302351,1.65004774974887,2.30746471204877,42.1,"reversed",NA,NA,NA,NA,NA,NA,"OK"
"Smoking_initiation","COPD","吸烟起始","慢阻肺",85,"Weighted mode",0.642943870488532,0.191241496924535,0.00116692266388843,1.90207209927337,1.30749165760066,2.76703736486797,42.1,"reversed",NA,NA,NA,NA,NA,NA,"OK"
"Smoking_initiation","T2D","吸烟起始","2型糖尿病",78,"IVW",0.26776218245297,0.0609103683083582,1.10262238314366e-05,1.30703626689199,1.15995111335252,1.47277224299,42.2,"reversed",195.451769625474,1.78778352195264e-12,0.00449919416711824,0.576573500380152,"<0.001",TRUE,"OK"
"Smoking_initiation","T2D","吸烟起始","2型糖尿病",78,"MR Egger",0.0973519548462678,0.309960357094728,0.754321761485068,1.10224824697237,0.600393296069151,2.02359221181863,42.2,"reversed",NA,NA,NA,NA,NA,NA,"OK"
"Smoking_initiation","T2D","吸烟起始","2型糖尿病",78,"Weighted median",0.238092939697031,0.0644064687583532,0.000218399546457898,1.2688271117525,1.11835209820161,1.43954863777434,42.2,"reversed",NA,NA,NA,NA,NA,NA,"OK"
"Smoking_initiation","T2D","吸烟起始","2型糖尿病",78,"Weighted mode",0.241104180051748,0.135811923314885,0.0798032766676379,1.27265361352142,0.975224878809984,1.66079358228176,42.2,"reversed",NA,NA,NA,NA,NA,NA,"OK"
"Smoking_initiation","MDD","吸烟起始","抑郁症",7,"IVW",0.291304549100075,0.393671496279921,0.459319042561272,1.33817206099542,0.618602991014069,2.8947555877369,44,"correct",155.698785848187,8.16630602263722e-32,-0.0123650463251988,0.872801230905778,"<0.001",TRUE,"OK"
"Smoking_initiation","MDD","吸烟起始","抑郁症",7,"MR Egger",0.768723471843842,2.86595395676153,0.799239656956792,2.15701101029833,0.00783976606738493,593.473894317384,44,"correct",NA,NA,NA,NA,NA,NA,"OK"
"Smoking_initiation","MDD","吸烟起始","抑郁症",7,"Weighted median",0.739269014115673,0.135587249176062,4.97087529441814e-08,2.09440397505386,1.60563289463441,2.73196197298898,44,"correct",NA,NA,NA,NA,NA,NA,"OK"
"Smoking_initiation","MDD","吸烟起始","抑郁症",7,"Weighted mode",0.865470807076933,0.13166841911735,0.000594552753480459,2.37612451891256,1.83565378766477,3.07572580805664,44,"correct",NA,NA,NA,NA,NA,NA,"OK"
"Smoking_initiation","Alzheimer","吸烟起始","阿尔茨海默病",85,"IVW",-0.000211586883296361,0.00049786273935491,0.670843675117517,0.99978843549963,0.998813306825459,1.00076451617947,41.7,"reversed",108.45683793484,0.0318499739188127,1.81033864920687e-05,0.781424953209618,"0.04",TRUE,"OK"
"Smoking_initiation","Alzheimer","吸烟起始","阿尔茨海默病",85,"MR Egger",-0.00090189748816455,0.0025299070996044,0.722375065314116,0.999098509099132,0.994156623918908,1.00406496005556,41.7,"reversed",NA,NA,NA,NA,NA,NA,"OK"
"Smoking_initiation","Alzheimer","吸烟起始","阿尔茨海默病",85,"Weighted median",-0.000936041793733096,0.00066202097654305,0.157386681667174,0.999064396156729,0.99776888972702,1.00036158467628,41.7,"reversed",NA,NA,NA,NA,NA,NA,"OK"
"Smoking_initiation","Alzheimer","吸烟起始","阿尔茨海默病",85,"Weighted mode",-0.00152974474340692,0.00160771778179947,0.344080059007737,0.99847142471968,0.995330066610279,1.00162269725958,41.7,"reversed",NA,NA,NA,NA,NA,NA,"OK"
"Alcohol_intake_freq","CAD","饮酒频率","冠心病",95,"IVW",0.0809975719293645,0.0800267455254716,0.311475290815817,1.08436826364082,0.926950744343907,1.26851889204068,53.3,"reversed",351.773968035427,9.82286191118329e-32,0.00732315883827741,0.064142470450472,"<0.001",TRUE,"OK"
"Alcohol_intake_freq","CAD","饮酒频率","冠心病",95,"MR Egger",-0.133175142171805,0.138947313111037,0.340317052887832,0.875311774677766,0.666635488888215,1.14930980372396,53.3,"reversed",NA,NA,NA,NA,NA,NA,"OK"
"Alcohol_intake_freq","CAD","饮酒频率","冠心病",95,"Weighted median",-0.118753848987126,0.0639400809042622,0.063273072961324,0.888026362449832,0.783427772171833,1.00659033087343,53.3,"reversed",NA,NA,NA,NA,NA,NA,"OK"
"Alcohol_intake_freq","CAD","饮酒频率","冠心病",95,"Weighted mode",-0.0946428462648736,0.0656719187119508,0.152866323555757,0.909697778414561,0.79982701420438,1.03466128719794,53.3,"reversed",NA,NA,NA,NA,NA,NA,"OK"
"Alcohol_intake_freq","LungCancer","饮酒频率","肺癌",89,"IVW",0.126926618432844,0.112271073973538,0.25824995954928,1.1353337021583,0.911079893800133,1.41478549140196,54.4,"reversed",149.410725499035,3.63162224415285e-05,0.0190188534381365,0.000724403808082194,"<0.001",TRUE,"OK"
"Alcohol_intake_freq","LungCancer","饮酒频率","肺癌",89,"MR Egger",-0.47441457212145,0.201518377158741,0.0208145742514496,0.622249231903154,0.419206939755288,0.923634772912133,54.4,"reversed",NA,NA,NA,NA,NA,NA,"OK"
"Alcohol_intake_freq","LungCancer","饮酒频率","肺癌",89,"Weighted median",-0.228261795426992,0.130170651659881,0.0795062627003815,0.795915865424453,0.616685399371321,1.02723700849762,54.4,"reversed",NA,NA,NA,NA,NA,NA,"OK"
"Alcohol_intake_freq","LungCancer","饮酒频率","肺癌",89,"Weighted mode",-0.299286221918911,0.14043715152438,0.035869240255725,0.741347189250339,0.562962061798134,0.976257002565922,54.4,"reversed",NA,NA,NA,NA,NA,NA,"OK"
"Alcohol_intake_freq","IschStroke","饮酒频率","缺血性脑卒中",95,"IVW",0.00781489020039844,0.0343156084723754,0.819851692444927,1.0078455061563,0.942288580678462,1.07796335974706,52.9,"reversed",92.230371318182,0.503050761711134,0.0025618601073797,0.126460295033998,"0.465",FALSE,"OK"
"Alcohol_intake_freq","IschStroke","饮酒频率","缺血性脑卒中",95,"MR Egger",-0.0503089934551941,0.0508993606105229,0.325520772556025,0.950935546239723,0.860646231232921,1.0506969998658,52.9,"reversed",NA,NA,NA,NA,NA,NA,"OK"
"Alcohol_intake_freq","IschStroke","饮酒频率","缺血性脑卒中",95,"Weighted median",-0.0380109128881568,0.0473397773780052,0.42201048888961,0.962702434969874,0.877395975990464,1.05630297341026,52.9,"reversed",NA,NA,NA,NA,NA,NA,"OK"
"Alcohol_intake_freq","IschStroke","饮酒频率","缺血性脑卒中",95,"Weighted mode",-0.0430369035668681,0.044493984904574,0.335900044702258,0.957876040372263,0.877880223831026,1.04516138285381,52.9,"reversed",NA,NA,NA,NA,NA,NA,"OK"
"Alcohol_intake_freq","HeartFailure","饮酒频率","心力衰竭",90,"IVW",0.174651057377688,0.0543613786190317,0.00131457722001471,1.19083061254892,1.07047529982144,1.32471767262651,53.9,"reversed",164.117480694983,1.58476905083363e-06,0.00775143418758038,0.0148429887136886,"<0.001",TRUE,"OK"
"Alcohol_intake_freq","HeartFailure","饮酒频率","心力衰竭",90,"MR Egger",-0.110597642272401,0.126364818935569,0.383834124798715,0.895298906901704,0.698882472585617,1.14691691971312,53.9,"reversed",NA,NA,NA,NA,NA,NA,"OK"
"Alcohol_intake_freq","HeartFailure","饮酒频率","心力衰竭",90,"Weighted median",0.168105062816005,0.0675903163120518,0.0128782833662855,1.18306089982825,1.03627032663379,1.35064476587783,53.9,"reversed",NA,NA,NA,NA,NA,NA,"OK"
"Alcohol_intake_freq","HeartFailure","饮酒频率","心力衰竭",90,"Weighted mode",-0.119409798416514,0.101233751072941,0.241324541487847,0.887444053067734,0.727727982865879,1.08221336250366,53.9,"reversed",NA,NA,NA,NA,NA,NA,"OK"
"Alcohol_intake_freq","COPD","饮酒频率","慢阻肺",97,"IVW",0.2531140739214,0.0747504562507456,0.000708881740826367,1.28803019911017,1.1124927071544,1.49126532079776,53.1,"reversed",209.251338572705,1.40937190646508e-10,0.00393671671804417,0.302525282102512,"<0.001",TRUE,"OK"
"Alcohol_intake_freq","COPD","饮酒频率","慢阻肺",97,"MR Egger",0.132564390392962,0.138223848794421,0.339965115888908,1.14175253161649,0.870790069782271,1.49702998310328,53.1,"reversed",NA,NA,NA,NA,NA,NA,"OK"
"Alcohol_intake_freq","COPD","饮酒频率","慢阻肺",97,"Weighted median",0.145414307080558,0.0883394114714213,0.0997459643980839,1.15651862487839,0.972650033395824,1.37514551356243,53.1,"reversed",NA,NA,NA,NA,NA,NA,"OK"
"Alcohol_intake_freq","COPD","饮酒频率","慢阻肺",97,"Weighted mode",0.153168766223138,0.0844988368930988,0.0730077708722472,1.16552166303451,0.987628213590715,1.37545761482841,53.1,"reversed",NA,NA,NA,NA,NA,NA,"OK"
"Alcohol_intake_freq","T2D","饮酒频率","2型糖尿病",78,"IVW",0.245314631986179,0.122024186185696,0.0443912901923002,1.27802335698084,1.00616616003771,1.62333396397208,46.6,"reversed",550.475829639793,4.55594162495099e-73,0.0336138260392401,0.00069329820702517,"<0.001",TRUE,"OK"
"Alcohol_intake_freq","T2D","饮酒频率","2型糖尿病",78,"MR Egger",-1.14477848349564,0.409149509143688,0.00651309375141269,0.318294417448423,0.142742706950161,0.709747897762684,46.6,"reversed",NA,NA,NA,NA,NA,NA,"OK"
"Alcohol_intake_freq","T2D","饮酒频率","2型糖尿病",78,"Weighted median",0.273100496755238,0.0814701723344923,0.000801856408223509,1.31403229417121,1.12010111107711,1.5415401815506,46.6,"reversed",NA,NA,NA,NA,NA,NA,"OK"
"Alcohol_intake_freq","T2D","饮酒频率","2型糖尿病",78,"Weighted mode",0.368726354809672,0.199273069057585,0.0680979529306248,1.44589188817345,0.97838809692256,2.13678330599239,46.6,"reversed",NA,NA,NA,NA,NA,NA,"OK"
"Alcohol_intake_freq","MDD","饮酒频率","抑郁症",99,"IVW",NA,NA,NA,NA,NA,NA,NA,NA,NA,NA,NA,NA,NA,NA,"no_outcome_data"
"Alcohol_intake_freq","Alzheimer","饮酒频率","阿尔茨海默病",96,"IVW",-0.000668761020521933,0.000430180896833881,0.120040367572374,0.999331462550288,0.998489226790248,1.00017440874471,53.3,"reversed",95.2852968891149,0.443576606960666,1.62283679353753e-05,0.517055029574425,"0.459",FALSE,"OK"
"Alcohol_intake_freq","Alzheimer","饮酒频率","阿尔茨海默病",96,"MR Egger",-0.00124580058298131,0.000986637470528324,0.209830089076771,0.998754975104414,0.996825439581395,1.00068824559164,53.3,"reversed",NA,NA,NA,NA,NA,NA,"OK"
"Alcohol_intake_freq","Alzheimer","饮酒频率","阿尔茨海默病",96,"Weighted median",-0.0013471249284962,0.000797099963139298,0.0910217167121227,0.998653782036979,0.997094787465121,1.0002152141545,53.3,"reversed",NA,NA,NA,NA,NA,NA,"OK"
"Alcohol_intake_freq","Alzheimer","饮酒频率","阿尔茨海默病",96,"Weighted mode",-0.00164203286694499,0.000912457486888803,0.0751028582601405,0.998359314531431,0.996575427728301,1.00014639452199,53.3,"reversed",NA,NA,NA,NA,NA,NA,"OK"
"NO2_air_pollution","CAD","NO2空气污染","冠心病",8,"IVW",-1.09010219933339,0.555967311280976,0.0499104408174596,0.336182134360982,0.113064352700553,0.999593813293488,37.8,"reversed",21.7431312633089,0.00134770766686387,0.0392562901496044,0.414353263656101,"0.002",TRUE,"OK"
"NO2_air_pollution","CAD","NO2空气污染","冠心病",8,"MR Egger",-3.3361613696548,2.62350628130899,0.250566262303065,0.0355732485204939,0.000207945676921423,6.08551247150474,37.8,"reversed",NA,NA,NA,NA,NA,NA,"OK"
"NO2_air_pollution","CAD","NO2空气污染","冠心病",8,"Weighted median",-0.640532691865636,0.418838028168106,0.126187903405791,0.527011614457081,0.231898563997444,1.19768418132904,37.8,"reversed",NA,NA,NA,NA,NA,NA,"OK"
"NO2_air_pollution","CAD","NO2空气污染","冠心病",8,"Weighted mode",-0.248524092427737,0.679438284458481,0.725333870592433,0.779951069693986,0.205929144115208,2.95404360432084,37.8,"reversed",NA,NA,NA,NA,NA,NA,"OK"
"NO2_air_pollution","LungCancer","NO2空气污染","肺癌",7,"IVW",0.515208399158106,0.579330763061949,0.373833013159127,1.67398732299804,0.537793889929753,5.2106087667232,33.9,"correct",3.87911907037564,0.566947965911243,-0.0051242383902101,0.90992713475013,"0.672",FALSE,"OK"
"NO2_air_pollution","LungCancer","NO2空气污染","肺癌",7,"MR Egger",0.814173752163914,2.57875066162469,0.76496513949095,2.25730980427996,0.0144050340797518,353.726865503274,33.9,"correct",NA,NA,NA,NA,NA,NA,"OK"
"NO2_air_pollution","LungCancer","NO2空气污染","肺癌",7,"Weighted median",0.573351297880034,0.746930265269263,0.442718794701451,1.77420298203473,0.41039629126391,7.67013807987044,33.9,"correct",NA,NA,NA,NA,NA,NA,"OK"
"NO2_air_pollution","LungCancer","NO2空气污染","肺癌",7,"Weighted mode",0.582452257100849,1.18622776368442,0.640858849661501,1.79042363079569,0.175072665516485,18.3102071831412,33.9,"correct",NA,NA,NA,NA,NA,NA,"OK"
"NO2_air_pollution","IschStroke","NO2空气污染","缺血性脑卒中",8,"IVW",0.742101973376695,0.298644376860008,0.0129587147072586,2.10034574861865,1.16971367276936,3.77139497163958,37.8,"reversed",7.58610160578004,0.270020939102799,0.0115570816611463,0.706198896082653,"0.432",FALSE,"OK"
"NO2_air_pollution","IschStroke","NO2空气污染","缺血性脑卒中",8,"MR Egger",0.0809625435532316,1.7019896246232,0.963603313400933,1.08433028064666,0.0385832466743247,30.4736448814634,37.8,"reversed",NA,NA,NA,NA,NA,NA,"OK"
"NO2_air_pollution","IschStroke","NO2空气污染","缺血性脑卒中",8,"Weighted median",0.887130663160944,0.384543483470863,0.0210564370600681,2.42815245881824,1.14273605548203,5.15948047231081,37.8,"reversed",NA,NA,NA,NA,NA,NA,"OK"
"NO2_air_pollution","IschStroke","NO2空气污染","缺血性脑卒中",8,"Weighted mode",0.94312099255999,0.434031883550508,0.0663294489064395,2.56798358214096,1.0968237476607,6.01239687981803,37.8,"reversed",NA,NA,NA,NA,NA,NA,"OK"
"NO2_air_pollution","HeartFailure","NO2空气污染","心力衰竭",8,"IVW",-0.0904170305255555,0.286569414124849,0.752370447133099,0.913550127530591,0.520954234774796,1.60200988839631,37.8,"reversed",9.81914539086157,0.132477727666865,-0.0154823549794478,0.508512344883887,"0.159",FALSE,"OK"
"NO2_air_pollution","HeartFailure","NO2空气污染","心力衰竭",8,"MR Egger",0.77982302714423,1.27347737830464,0.562773935852163,2.18108623828077,0.179749217738351,26.465412415549,37.8,"reversed",NA,NA,NA,NA,NA,NA,"OK"
"NO2_air_pollution","HeartFailure","NO2空气污染","心力衰竭",8,"Weighted median",-0.0817450290523683,0.315748864254854,0.795718145472579,0.921506886229259,0.496281088053199,1.71107656892402,37.8,"reversed",NA,NA,NA,NA,NA,NA,"OK"
"NO2_air_pollution","HeartFailure","NO2空气污染","心力衰竭",8,"Weighted mode",-0.107660853168741,0.486914280508665,0.831319238798493,0.897932075614072,0.345759150557873,2.33191807394159,37.8,"reversed",NA,NA,NA,NA,NA,NA,"OK"
"NO2_air_pollution","COPD","NO2空气污染","慢阻肺",8,"IVW",0.445504563374953,0.370588496232736,0.229303742074269,1.56127776070394,0.755142437005658,3.22798471733944,37.8,"reversed",2.2485128760129,0.89548334890423,0.0216397689465216,0.484051318409023,"0.896",FALSE,"OK"
"NO2_air_pollution","COPD","NO2空气污染","慢阻肺",8,"MR Egger",-0.80096488889159,1.71222416662101,0.656441660045711,0.448895620688826,0.015655636681993,12.8712285783547,37.8,"reversed",NA,NA,NA,NA,NA,NA,"OK"
"NO2_air_pollution","COPD","NO2空气污染","慢阻肺",8,"Weighted median",0.634341958792254,0.475414452566299,0.182108000589816,1.88578081159762,0.742694590244292,4.7881986971523,37.8,"reversed",NA,NA,NA,NA,NA,NA,"OK"
"NO2_air_pollution","COPD","NO2空气污染","慢阻肺",8,"Weighted mode",0.928331751292444,0.633860975304162,0.186454261894166,2.53028451083525,0.730492905044198,8.76441052550043,37.8,"reversed",NA,NA,NA,NA,NA,NA,"OK"
"NO2_air_pollution","T2D","NO2空气污染","2型糖尿病",6,"IVW",-0.255675829129694,0.435706672497915,0.557333175037775,0.774392963748441,0.329670731086757,1.81904065406789,33.8,"correct",8.02512695332246,0.0906620863856487,-0.0765782927276539,0.171021708991999,"0.047",TRUE,"OK"
"NO2_air_pollution","T2D","NO2空气污染","2型糖尿病",6,"MR Egger",4.46977429942144,2.86081687577349,0.193223978716978,87.3370087753568,0.320643047194624,23788.9240654479,33.8,"correct",NA,NA,NA,NA,NA,NA,"OK"
"NO2_air_pollution","T2D","NO2空气污染","2型糖尿病",6,"Weighted median",0.068740571228657,0.374259533330433,0.85427166847562,1.07115828382151,0.514372219014293,2.23064159879823,33.8,"correct",NA,NA,NA,NA,NA,NA,"OK"
"NO2_air_pollution","T2D","NO2空气污染","2型糖尿病",6,"Weighted mode",0.254751035298836,0.587241811922526,0.682506485320079,1.29014038147138,0.408100049176487,4.07856408560075,33.8,"correct",NA,NA,NA,NA,NA,NA,"OK"
"NO2_air_pollution","MDD","NO2空气污染","抑郁症",8,"IVW",NA,NA,NA,NA,NA,NA,NA,NA,NA,NA,NA,NA,NA,NA,"insufficient_after_harmonise"
"NO2_air_pollution","Alzheimer","NO2空气污染","阿尔茨海默病",8,"IVW",0.00294552822948156,0.00342523575998284,0.389817129960832,1.0029498705602,0.99623915589533,1.00970578892043,37.8,"reversed",11.8283286056423,0.0659100048986386,6.72001419383e-05,0.819271952608541,"0.095",FALSE,"OK"
"NO2_air_pollution","Alzheimer","NO2空气污染","阿尔茨海默病",8,"MR Egger",-0.000813864820658173,0.0161732980355789,0.961499571445767,0.999186466277486,0.968009353572832,1.03136771427589,37.8,"reversed",NA,NA,NA,NA,NA,NA,"OK"
"NO2_air_pollution","Alzheimer","NO2空气污染","阿尔茨海默病",8,"Weighted median",0.00248945962061466,0.0037948922926955,0.511822381836475,1.00249256089818,0.995063694526326,1.00997688910216,37.8,"reversed",NA,NA,NA,NA,NA,NA,"OK"
"NO2_air_pollution","Alzheimer","NO2空气污染","阿尔茨海默病",8,"Weighted mode",0.00625705300496452,0.00602817238319871,0.333803822523729,1.00627666925308,0.99445725315371,1.01823656257908,37.8,"reversed",NA,NA,NA,NA,NA,NA,"OK"
"PM25_air_pollution","CAD","PM2.5空气污染","冠心病",8,"IVW",0.248993516379795,0.770776052014754,0.746662963786233,1.28273371628461,0.283164424269973,5.81077863554135,36.6,"correct",165.14851184208,4.80433764650764e-33,0.0222539719955423,0.538262380169001,"<0.001",TRUE,"OK"
"PM25_air_pollution","CAD","PM2.5空气污染","冠心病",8,"MR Egger",-0.193216203579482,1.05190055945528,0.860312493250983,0.82430373745348,0.10487969998226,6.4786288642579,36.6,"correct",NA,NA,NA,NA,NA,NA,"OK"
"PM25_air_pollution","CAD","PM2.5空气污染","冠心病",8,"Weighted median",0.101769522431342,0.181679715555181,0.575371010066207,1.10712827408759,0.775441511133172,1.58069048108216,36.6,"correct",NA,NA,NA,NA,NA,NA,"OK"
"PM25_air_pollution","CAD","PM2.5空气污染","冠心病",8,"Weighted mode",0.121569500970459,0.151909761032937,0.449853791333259,1.12926784840919,0.838472386188519,1.52091576831489,36.6,"correct",NA,NA,NA,NA,NA,NA,"OK"
"PM25_air_pollution","LungCancer","PM2.5空气污染","肺癌",7,"IVW",-0.844821435743317,0.547276637097364,0.122665237534321,0.429634068649778,0.146976341923101,1.25588533861551,31.8,"correct",9.61793317351603,0.0868136827848895,-0.0187688392317953,0.334147970297647,"0.169",FALSE,"OK"
"PM25_air_pollution","LungCancer","PM2.5空气污染","肺癌",7,"MR Egger",-0.217820065274472,0.798091567261112,0.79582353302369,0.804270144775363,0.168287822366885,3.84371522953564,31.8,"correct",NA,NA,NA,NA,NA,NA,"OK"
"PM25_air_pollution","LungCancer","PM2.5空气污染","肺癌",7,"Weighted median",-0.399903886456887,0.498593483164854,0.422515934580676,0.670384475966528,0.25229730289591,1.78129270689164,31.8,"correct",NA,NA,NA,NA,NA,NA,"OK"
"PM25_air_pollution","LungCancer","PM2.5空气污染","肺癌",7,"Weighted mode",-0.226205853484562,0.52493982222095,0.681578962059382,0.797553905515503,0.28505078972269,2.23150489364316,31.8,"correct",NA,NA,NA,NA,NA,NA,"OK"
"PM25_air_pollution","IschStroke","PM2.5空气污染","缺血性脑卒中",8,"IVW",0.227437421604126,0.241699315522524,0.346708324304922,1.25537887769963,0.781692970153348,2.01610630611814,36.6,"reversed",19.0158378877653,0.00413696875214636,0.0307805158195702,0.0207867990539163,"0.344",FALSE,"OK"
"PM25_air_pollution","IschStroke","PM2.5空气污染","缺血性脑卒中",8,"MR Egger",-0.18028484882678,0.207918632273501,0.419212077511384,0.835032319554724,0.555545164996767,1.25512562908364,36.6,"reversed",NA,NA,NA,NA,NA,NA,"OK"
"PM25_air_pollution","IschStroke","PM2.5空气污染","缺血性脑卒中",8,"Weighted median",0.13142868545256,0.0984275314828051,0.181783488039394,1.14045657367783,0.940363029899885,1.38312668096218,36.6,"reversed",NA,NA,NA,NA,NA,NA,"OK"
"PM25_air_pollution","IschStroke","PM2.5空气污染","缺血性脑卒中",8,"Weighted mode",0.114481752330333,0.0981430812126556,0.281619567018013,1.12129217990798,0.925076643701596,1.35912646944782,36.6,"reversed",NA,NA,NA,NA,NA,NA,"OK"
"PM25_air_pollution","HeartFailure","PM2.5空气污染","心力衰竭",7,"IVW",0.885526597695227,0.654616442016247,0.176138339776849,2.42426066549366,0.671983408392019,8.74581083530448,37.5,"reversed",45.953599153448,9.28181412474317e-09,0.022396368093355,0.330102518873911,"<0.001",TRUE,"OK"
"PM25_air_pollution","HeartFailure","PM2.5空气污染","心力衰竭",7,"MR Egger",-0.154324366160961,1.16058067753355,0.899401612980106,0.856993996070482,0.0881194063306228,8.33458530740946,37.5,"reversed",NA,NA,NA,NA,NA,NA,"OK"
"PM25_air_pollution","HeartFailure","PM2.5空气污染","心力衰竭",7,"Weighted median",0.13653092767646,0.299206720742286,0.648167292808947,1.14629032932398,0.637682833782277,2.06055651727064,37.5,"reversed",NA,NA,NA,NA,NA,NA,"OK"
"PM25_air_pollution","HeartFailure","PM2.5空气污染","心力衰竭",7,"Weighted mode",0.0439430616902781,0.304005362959197,0.889801671423604,1.04492285705334,0.575850356541941,1.89608943502145,37.5,"reversed",NA,NA,NA,NA,NA,NA,"OK"
"PM25_air_pollution","COPD","PM2.5空气污染","慢阻肺",8,"IVW",0.0290400105871381,0.186489522072442,0.876254314185091,1.02946578318156,0.714280559980286,1.48373042487796,36.6,"reversed",7.81034529184842,0.25232982981267,-0.00455445316967491,0.603032344240781,"0.52",FALSE,"OK"
"PM25_air_pollution","COPD","PM2.5空气污染","慢阻肺",8,"MR Egger",0.11669553906234,0.253296786832659,0.661235030180675,1.12377723133059,0.684021339922144,1.84625126724963,36.6,"reversed",NA,NA,NA,NA,NA,NA,"OK"
"PM25_air_pollution","COPD","PM2.5空气污染","慢阻肺",8,"Weighted median",0.0721390055328453,0.193216879760905,0.708882254074911,1.07480473748556,0.735969884566827,1.56963654076867,36.6,"reversed",NA,NA,NA,NA,NA,NA,"OK"
"PM25_air_pollution","COPD","PM2.5空气污染","慢阻肺",8,"Weighted mode",0.0685770211203018,0.184522855542209,0.721151374189939,1.07098311009335,0.745956660923764,1.53762930501194,36.6,"reversed",NA,NA,NA,NA,NA,NA,"OK"
"PM25_air_pollution","T2D","PM2.5空气污染","2型糖尿病",4,"IVW",1.20258175889645,0.816711916070407,0.140894675220482,3.32869973875249,0.671545439536561,16.4996161070165,31.9,"correct",2.2592651558265,0.32315196778267,0.453606547595589,0.0583078500508535,"0.008",TRUE,"OK"
"PM25_air_pollution","T2D","PM2.5空气污染","2型糖尿病",4,"MR Egger",-34.7979334896935,9.10197377219424,0.0621109627263634,7.71701783196884e-16,1.37940887461063e-23,4.31723800789197e-08,31.9,"correct",NA,NA,NA,NA,NA,NA,"OK"
"PM25_air_pollution","T2D","PM2.5空气污染","2型糖尿病",4,"Weighted median",1.59328616094442,0.465185732101318,0.000614677679968469,4.91988994299677,1.97688451066582,12.2441735572344,31.9,"correct",NA,NA,NA,NA,NA,NA,"OK"
"PM25_air_pollution","T2D","PM2.5空气污染","2型糖尿病",4,"Weighted mode",1.83670194708836,0.537120851599679,0.0418572844110926,6.2758061512713,2.19009534180813,17.9835745487765,31.9,"correct",NA,NA,NA,NA,NA,NA,"OK"
"PM25_air_pollution","MDD","PM2.5空气污染","抑郁症",8,"IVW",NA,NA,NA,NA,NA,NA,NA,NA,NA,NA,NA,NA,NA,NA,"no_outcome_data"
"PM25_air_pollution","Alzheimer","PM2.5空气污染","阿尔茨海默病",7,"IVW",0.00340723019544921,0.00343451365143369,0.32117016313904,1.00341304140242,0.996681103193027,1.01019044951377,36.8,"reversed",9.64306262083071,0.0860041955935062,2.57562405570036e-05,0.899068513347459,"0.138",FALSE,"OK"
"PM25_air_pollution","Alzheimer","PM2.5空气污染","阿尔茨海默病",7,"MR Egger",0.001850886529853,0.0122550777902605,0.885856123395051,1.0018526004776,0.978074861927122,1.02620839380956,36.8,"reversed",NA,NA,NA,NA,NA,NA,"OK"
"PM25_air_pollution","Alzheimer","PM2.5空气污染","阿尔茨海默病",7,"Weighted median",0.00576132186926836,0.00358154872284993,0.107701232163694,1.0057779502025,0.998742277968645,1.01286318545664,36.8,"reversed",NA,NA,NA,NA,NA,NA,"OK"
"PM25_air_pollution","Alzheimer","PM2.5空气污染","阿尔茨海默病",7,"Weighted mode",0.00815163586837317,0.00497602647951605,0.152497070565146,1.00818495091455,0.998399905486963,1.01806589690613,36.8,"reversed",NA,NA,NA,NA,NA,NA,"OK"
"Coffee_intake","CAD","咖啡摄入","冠心病",37,"IVW",0.489084908970845,0.149804138915049,0.00109530148435713,1.63082318526127,1.21588085383198,2.18737243308318,75.5,"reversed",60.8823599354471,0.0043128607679679,-0.000564643129020605,0.911166421313395,"0.006",TRUE,"OK"
"Coffee_intake","CAD","咖啡摄入","冠心病",37,"MR Egger",0.51993220883316,0.313724801820969,0.106399805947954,1.68191362694677,0.90940166861893,3.11065346163842,75.5,"reversed",NA,NA,NA,NA,NA,NA,"OK"
"Coffee_intake","CAD","咖啡摄入","冠心病",37,"Weighted median",0.429601758693239,0.188749966846815,0.022843842614623,1.53664544598865,1.06146690455125,2.22454342811179,75.5,"reversed",NA,NA,NA,NA,NA,NA,"OK"
"Coffee_intake","CAD","咖啡摄入","冠心病",37,"Weighted mode",0.309181509821104,0.236254859327764,0.198936760141731,1.36230962063911,0.857376602179307,2.16461179109451,75.5,"reversed",NA,NA,NA,NA,NA,NA,"OK"
"Coffee_intake","LungCancer","咖啡摄入","肺癌",35,"IVW",0.053822831661469,0.265493932132271,0.839348290976182,1.0552976202659,0.627165213083524,1.77569330075479,77.2,"reversed",46.5743937416513,0.058858636460619,0.0148024208560958,0.0887551813258593,"0.031",TRUE,"OK"
"Coffee_intake","LungCancer","咖啡摄入","肺癌",35,"MR Egger",-0.732055285549586,0.516945790602702,0.166111768311897,0.480919546649358,0.174598009649173,1.3246634988231,77.2,"reversed",NA,NA,NA,NA,NA,NA,"OK"
"Coffee_intake","LungCancer","咖啡摄入","肺癌",35,"Weighted median",-0.033290408694387,0.368053078148097,0.927929608446375,0.967257618774975,0.47016365542033,1.9899183832953,77.2,"reversed",NA,NA,NA,NA,NA,NA,"OK"
"Coffee_intake","LungCancer","咖啡摄入","肺癌",35,"Weighted mode",-0.31531177914397,0.368530889581193,0.398213471686481,0.729561376784887,0.354292540075064,1.50231727256659,77.2,"reversed",NA,NA,NA,NA,NA,NA,"OK"
"Coffee_intake","IschStroke","咖啡摄入","缺血性脑卒中",38,"IVW",0.137802753999802,0.112173157347737,0.219265917440685,1.14774913901865,0.921219784487548,1.42998240843346,74.5,"reversed",29.8308365959837,0.755984925171103,-0.00290969835868674,0.443569338466689,"0.782",FALSE,"OK"
"Coffee_intake","IschStroke","咖啡摄入","缺血性脑卒中",38,"MR Egger",0.302813379416434,0.240728643772585,0.21652498463063,1.35366181970992,0.84449643651854,2.16981415539715,74.5,"reversed",NA,NA,NA,NA,NA,NA,"OK"
"Coffee_intake","IschStroke","咖啡摄入","缺血性脑卒中",38,"Weighted median",0.241318805425986,0.171409897610173,0.159176560643755,1.27292678659339,0.909696188605298,1.7811909342076,74.5,"reversed",NA,NA,NA,NA,NA,NA,"OK"
"Coffee_intake","IschStroke","咖啡摄入","缺血性脑卒中",38,"Weighted mode",0.255296085388488,0.164777393165066,0.129812352866802,1.29084376427398,0.93457106850363,1.7829330266268,74.5,"reversed",NA,NA,NA,NA,NA,NA,"OK"
"Coffee_intake","HeartFailure","咖啡摄入","心力衰竭",34,"IVW",0.2394693909339,0.141079153865113,0.0896188728121042,1.27057479292287,0.963632047555979,1.67528706471046,79.1,"reversed",71.9409141733708,6.64538028178844e-05,0.00219518206648931,0.641929513210081,"<0.001",TRUE,"OK"
"Coffee_intake","HeartFailure","咖啡摄入","心力衰竭",34,"MR Egger",0.125677740540852,0.281316478422126,0.658065574683461,1.13391669401689,0.653310635790268,1.96807919316188,79.1,"reversed",NA,NA,NA,NA,NA,NA,"OK"
"Coffee_intake","HeartFailure","咖啡摄入","心力衰竭",34,"Weighted median",0.0661258436679498,0.139877238144,0.636397266528122,1.06836115519319,0.812179793231641,1.40534838152542,79.1,"reversed",NA,NA,NA,NA,NA,NA,"OK"
"Coffee_intake","HeartFailure","咖啡摄入","心力衰竭",34,"Weighted mode",-0.031708434839171,0.14437991174967,0.8275214870228,0.968789006027057,0.73001290868309,1.28566512596606,79.1,"reversed",NA,NA,NA,NA,NA,NA,"OK"
"Coffee_intake","COPD","咖啡摄入","慢阻肺",38,"IVW",0.0647227668058938,0.160131935526976,0.686077415892016,1.06686321348544,0.779474092701421,1.4602116054221,74.5,"reversed",49.3998972366494,0.0676295358656711,0.00166402130864248,0.757781498598943,"0.106",FALSE,"OK"
"Coffee_intake","COPD","咖啡摄入","慢阻肺",38,"MR Egger",-0.0250309367275685,0.331218081948712,0.940177729295034,0.97527973959801,0.509554544370801,1.86667076366647,74.5,"reversed",NA,NA,NA,NA,NA,NA,"OK"
"Coffee_intake","COPD","咖啡摄入","慢阻肺",38,"Weighted median",-0.0446328460566987,0.204691100195728,0.827390338208614,0.956348544521423,0.640294275754507,1.42840967542697,74.5,"reversed",NA,NA,NA,NA,NA,NA,"OK"
"Coffee_intake","COPD","咖啡摄入","慢阻肺",38,"Weighted mode",-0.0669968657399842,0.201083606894469,0.740879752208531,0.935198132486297,0.63057653998373,1.38697761738555,74.5,"reversed",NA,NA,NA,NA,NA,NA,"OK"
"Coffee_intake","T2D","咖啡摄入","2型糖尿病",31,"IVW",1.20353306610224,0.378302976835164,0.00146565144670578,3.33186786148995,1.58733932093859,6.99368011614896,62.8,"reversed",357.090580801391,3.37158655425664e-58,-0.00675625660967091,0.61631438475845,"<0.001",TRUE,"OK"
"Coffee_intake","T2D","咖啡摄入","2型糖尿病",31,"MR Egger",1.62815112580739,0.921670775944083,0.0878339560099314,5.09444701429241,0.836671636884201,31.0198042305872,62.8,"reversed",NA,NA,NA,NA,NA,NA,"OK"
"Coffee_intake","T2D","咖啡摄入","2型糖尿病",31,"Weighted median",0.431566843333007,0.193020427812966,0.0253608788323155,1.53966805321819,1.05468991555437,2.24765372185686,62.8,"reversed",NA,NA,NA,NA,NA,NA,"OK"
"Coffee_intake","T2D","咖啡摄入","2型糖尿病",31,"Weighted mode",0.32004433745685,0.193574441713257,0.10869017314168,1.37718882403239,0.942365977885483,2.01264593751092,62.8,"reversed",NA,NA,NA,NA,NA,NA,"OK"
"Coffee_intake","MDD","咖啡摄入","抑郁症",2,"IVW",0.338656192996409,2.46354958866215,0.890661860803475,1.40306088012299,0.011221754699546,175.425313245453,42.3,"correct",58.4041946780236,2.13435452944898e-14,NA,NA,NA,FALSE,"OK"
"Coffee_intake","Alzheimer","咖啡摄入","阿尔茨海默病",39,"IVW",0.00233821336069965,0.00130018418575841,0.0721182563540571,1.0023409491134,0.999789874436082,1.00489853314051,73.7,"reversed",54.7514960097765,0.0301812161902588,3.92311734052638e-05,0.363710151501959,"0.031",TRUE,"OK"
"Coffee_intake","Alzheimer","咖啡摄入","阿尔茨海默病",39,"MR Egger",0.000249711499947914,0.00261813620006919,0.92452962212771,1.00024974268046,0.995130061339237,1.00539576343002,73.7,"reversed",NA,NA,NA,NA,NA,NA,"OK"
"Coffee_intake","Alzheimer","咖啡摄入","阿尔茨海默病",39,"Weighted median",0.000982796478512787,0.00186692631442452,0.598593026283912,1.00098327958122,0.997327199211762,1.00465276269722,73.7,"reversed",NA,NA,NA,NA,NA,NA,"OK"
"Coffee_intake","Alzheimer","咖啡摄入","阿尔茨海默病",39,"Weighted mode",0.000401896956777469,0.00184652409565033,0.828865919804702,1.00040197772818,0.996787879661768,1.00402917959039,73.7,"reversed",NA,NA,NA,NA,NA,NA,"OK"
"Fresh_fruit_intake","CAD","新鲜水果摄入","冠心病",53,"IVW",0.374385371592179,0.223830976380208,0.0944010676243592,1.45409741033,0.937701752041133,2.25487397685449,45.9,"reversed",103.003878067463,2.24302343928353e-05,-4.94025565558579e-05,0.994625641345764,"<0.001",TRUE,"OK"
"Fresh_fruit_intake","CAD","新鲜水果摄入","冠心病",53,"MR Egger",0.379555467437619,0.796538537229882,0.635749150639917,1.46163470077779,0.306769058926051,6.9641182392934,45.9,"reversed",NA,NA,NA,NA,NA,NA,"OK"
"Fresh_fruit_intake","CAD","新鲜水果摄入","冠心病",53,"Weighted median",0.300162209290416,0.241585789299598,0.214064555414004,1.35007778497495,0.840846683926703,2.16770793097609,45.9,"reversed",NA,NA,NA,NA,NA,NA,"OK"
"Fresh_fruit_intake","CAD","新鲜水果摄入","冠心病",53,"Weighted mode",-0.0281910794976401,0.433596107417706,0.948409848213188,0.972202581071095,0.415596911987404,2.27426583638799,45.9,"reversed",NA,NA,NA,NA,NA,NA,"OK"
"Fresh_fruit_intake","LungCancer","新鲜水果摄入","肺癌",51,"IVW",0.0116698164319166,0.394821467352064,0.976420201137298,1.01173817438917,0.466647903529304,2.19354705287357,46.3,"reversed",84.6856304108029,0.00116968816615875,-0.00622525221375007,0.646659836635664,"0.001",TRUE,"OK"
"Fresh_fruit_intake","LungCancer","新鲜水果摄入","肺癌",51,"MR Egger",0.668857271618097,1.47933025127595,0.653166857539915,1.95200543364785,0.107460706315269,35.4578463481523,46.3,"reversed",NA,NA,NA,NA,NA,NA,"OK"
"Fresh_fruit_intake","LungCancer","新鲜水果摄入","肺癌",51,"Weighted median",0.152158636041354,0.440801041639094,0.729954052452294,1.16434492885257,0.49075443652485,2.76247958743834,46.3,"reversed",NA,NA,NA,NA,NA,NA,"OK"
"Fresh_fruit_intake","LungCancer","新鲜水果摄入","肺癌",51,"Weighted mode",-0.641224155114342,0.870122310696431,0.464605520050203,0.526647331252781,0.0956878561002477,2.89856438235069,46.3,"reversed",NA,NA,NA,NA,NA,NA,"OK"
"Fresh_fruit_intake","IschStroke","新鲜水果摄入","缺血性脑卒中",53,"IVW",0.04915740394876,0.174809156759469,0.778552314256784,1.05038567258112,0.745672678897082,1.47961711939826,45.9,"reversed",65.3390283754323,0.0853954060770342,0.00325178281626077,0.570280871420624,"0.108",FALSE,"OK"
"Fresh_fruit_intake","IschStroke","新鲜水果摄入","缺血性脑卒中",53,"MR Egger",-0.294033799760908,0.625921104063045,0.640527692638921,0.745251301701774,0.218528428857028,2.54154347602781,45.9,"reversed",NA,NA,NA,NA,NA,NA,"OK"
"Fresh_fruit_intake","IschStroke","新鲜水果摄入","缺血性脑卒中",53,"Weighted median",-0.246584036346577,0.243406526984045,0.311034210426676,0.781465687256198,0.484973596741253,1.25922034614313,45.9,"reversed",NA,NA,NA,NA,NA,NA,"OK"
"Fresh_fruit_intake","IschStroke","新鲜水果摄入","缺血性脑卒中",53,"Weighted mode",-0.160923226276204,0.339468623590733,0.637452685596247,0.851357430478397,0.437673653997864,1.6560500450738,45.9,"reversed",NA,NA,NA,NA,NA,NA,"OK"
"Fresh_fruit_intake","HeartFailure","新鲜水果摄入","心力衰竭",48,"IVW",0.357848463068578,0.179339105915612,0.0460021810734751,1.43024886853264,1.00636398008901,2.03267591687649,46.1,"reversed",71.9608293770645,0.00852667795010798,0.0125057147603527,0.0343379229199169,"0.003",TRUE,"OK"
"Fresh_fruit_intake","HeartFailure","新鲜水果摄入","心力衰竭",48,"MR Egger",-0.970703297238673,0.633137856054843,0.132085338707555,0.378816523779852,0.109519408910741,1.31028792171081,46.1,"reversed",NA,NA,NA,NA,NA,NA,"OK"
"Fresh_fruit_intake","HeartFailure","新鲜水果摄入","心力衰竭",48,"Weighted median",-0.0310343516218456,0.21507403155052,0.885266629714443,0.969442270589752,0.635985538911618,1.47773535482356,46.1,"reversed",NA,NA,NA,NA,NA,NA,"OK"
"Fresh_fruit_intake","HeartFailure","新鲜水果摄入","心力衰竭",48,"Weighted mode",-0.196643498882993,0.307335893749917,0.52538829596964,0.821483440880721,0.449768689982852,1.5004046717146,46.1,"reversed",NA,NA,NA,NA,NA,NA,"OK"
"Fresh_fruit_intake","COPD","新鲜水果摄入","慢阻肺",53,"IVW",-0.389560028152273,0.340048842252297,0.251960606623979,0.677354826002584,0.347825014012972,1.31908155487598,45.9,"reversed",156.017928352984,1.41050445693835e-12,-0.00554023676977837,0.623273442794959,"<0.001",TRUE,"OK"
"Fresh_fruit_intake","COPD","新鲜水果摄入","慢阻肺",53,"MR Egger",0.19463887114526,1.23069671145988,0.874960484509258,1.2148721818623,0.108878066016886,13.555663433937,45.9,"reversed",NA,NA,NA,NA,NA,NA,"OK"
"Fresh_fruit_intake","COPD","新鲜水果摄入","慢阻肺",53,"Weighted median",0.0763229704171626,0.328931203381234,0.816512202214177,1.07931110342925,0.566441092900146,2.05654651928834,45.9,"reversed",NA,NA,NA,NA,NA,NA,"OK"
"Fresh_fruit_intake","COPD","新鲜水果摄入","慢阻肺",53,"Weighted mode",0.0951642644446844,0.445018200581339,0.831505366364433,1.09983950481404,0.459750462877897,2.63109454806759,45.9,"reversed",NA,NA,NA,NA,NA,NA,"OK"
"Fresh_fruit_intake","T2D","新鲜水果摄入","2型糖尿病",46,"IVW",0.536017722167232,0.278927497556951,0.054642275939847,1.70918683473174,0.989376657503769,2.952687041749,47,"reversed",182.455194788814,8.8410161188083e-19,-0.0135759452469828,0.138949541241212,"<0.001",TRUE,"OK"
"Fresh_fruit_intake","T2D","新鲜水果摄入","2型糖尿病",46,"MR Egger",1.95714342048343,0.982296882889311,0.0525521664572841,7.07907621073949,1.03235389524108,48.5427722300162,47,"reversed",NA,NA,NA,NA,NA,NA,"OK"
"Fresh_fruit_intake","T2D","新鲜水果摄入","2型糖尿病",46,"Weighted median",0.731771970319372,0.249005997512246,0.0032951487999606,2.07876084859711,1.27598727869147,3.38659071122686,47,"reversed",NA,NA,NA,NA,NA,NA,"OK"
"Fresh_fruit_intake","T2D","新鲜水果摄入","2型糖尿病",46,"Weighted mode",0.525730683251819,0.35275060136903,0.14310226136276,1.69169448972373,0.847333859077874,3.37745295541014,47,"reversed",NA,NA,NA,NA,NA,NA,"OK"
"Fresh_fruit_intake","MDD","新鲜水果摄入","抑郁症",55,"IVW",NA,NA,NA,NA,NA,NA,NA,NA,NA,NA,NA,NA,NA,NA,"insufficient_after_harmonise"
"Fresh_fruit_intake","Alzheimer","新鲜水果摄入","阿尔茨海默病",53,"IVW",-0.000795019962843114,0.00159996335783169,0.619260377991169,0.999205295981795,0.996076767918671,1.00234365028337,45.9,"reversed",56.2574232163402,0.284609351706763,-1.93657649323185e-05,0.710857776318052,"0.313",FALSE,"OK"
"Fresh_fruit_intake","Alzheimer","新鲜水果摄入","阿尔茨海默病",53,"MR Egger",0.00123397834019569,0.00567698268224764,0.828791052131275,1.00123474000473,0.990155866123662,1.01243757562826,45.9,"reversed",NA,NA,NA,NA,NA,NA,"OK"
"Fresh_fruit_intake","Alzheimer","新鲜水果摄入","阿尔茨海默病",53,"Weighted median",-0.000277984419194067,0.00236753066633625,0.906530928241986,0.999722054214895,0.995093730726361,1.00437190469898,45.9,"reversed",NA,NA,NA,NA,NA,NA,"OK"
"Fresh_fruit_intake","Alzheimer","新鲜水果摄入","阿尔茨海默病",53,"Weighted mode",-0.00215181811867097,0.00428326100764966,0.617522237777442,0.997850495382228,0.989508414987052,1.00626290393658,45.9,"reversed",NA,NA,NA,NA,NA,NA,"OK"
